NeMolodec;Bydanova;DAUN;Gnezdov;Nazarov
Vovan;Sofia;Artem;Molodec;Nikita
Vladimirovich;Sergeevna;Andreevich;Konstantinovich;Mikhailovich
19.01.1954;20.04.1982;30.04.1959;17.04.2000;15.05.2000
Vladivostok;Votkinsk;Yakutsk;Smolensk;Votkinsk
6789525;2312853;7432246;1515425;3456781
11.03.1994;13.06.2006;22.09.2012;11.12.2020;11.11.2020
Vyborg;Ekaterinburg;Yakutsk;Smolensk;Votkinak
223542;423765;321532;621612;1
342678;565432;345742;627781;1
Gorokhovaya;Azina;Shkolnaya;Dvinskaya;1
special;higher;higher;secondary;secondary
Head;Booker;Programming;Programming;1
Head;Accounting;IT;IT;1
Headmaster;Accountant;SeniorDeveloper;JuniorDeveloper;1
200000;50000;80000;13245;1
12.06.1999;12.12.2016;23.07.2007;11.11.2011;01.11.2011
NeMolodec;Bydanova;DAUN;Gnezdov;Nazarov
Vovan;Sofia;Artem;Molodec;Nikita
Vladimirovich;Sergeevna;Andreevich;Konstantinovich;Mikhailovich
19.01.1954;20.04.1982;30.04.1959;17.04.2000;15.05.2000
Vladivostok;Votkinsk;Yakutsk;Smolensk;Votkinsk
6789525;2312853;7432246;1515425;3456781
11.03.1994;13.06.2006;22.09.2012;11.12.2020;11.11.2020
Vyborg;Ekaterinburg;Yakutsk;Smolensk;Votkinak
223542;423765;321532;621612;1
342678;565432;345742;627781;1
Gorokhovaya;Azina;Shkolnaya;Dvinskaya;1
special;higher;higher;secondary;secondary
Head;Booker;Programming;Programming;1
Head;Accounting;IT;IT;1
Headmaster;Accountant;SeniorDeveloper;JuniorDeveloper;1
200000;50000;80000;13245;1
12.06.1999;12.12.2016;23.07.2007;11.11.2011;01.11.2011
